{
  "risk_assessment": {
    "categories": [
      "Model Performance Risk",
      "Operational Risk",
      "Regulatory Risk",
      "Financial Risk",
      "Technical Risk"
    ],
    "scores": [
      0.2875,
      0.13,
      0.19,
      0.1425,
      0.15000000000000002
    ],
    "overall_score": 0.8999999999999999
  },
  "financial_projections": {
    "years": [
      "Year 1",
      "Year 2",
      "Year 3"
    ],
    "costs": [
      110000,
      70000,
      65000
    ],
    "revenues": [
      37089535.10727575,
      52489627.33882289,
      61717926.88215457
    ],
    "roi": 61653.914011531924,
    "break_even": 0.05839045351324566,
    "net_profit": 151052089.3282532
  },
  "business_impact": {
    "annual_cost_savings": 58778977.983004354,
    "annual_quality_bonus": 1175579.559660087,
    "annual_penalty_avoidance": 1763369.3394901305,
    "total_annual_impact": 61717926.88215457
  },
  "sensitivity_analysis": {
    "performance_range": [
      0.85,
      0.8568421052631578,
      0.8636842105263157,
      0.8705263157894737,
      0.8773684210526316,
      0.8842105263157894,
      0.8910526315789473,
      0.8978947368421053,
      0.9047368421052632,
      0.911578947368421,
      0.9184210526315789,
      0.9252631578947368,
      0.9321052631578948,
      0.9389473684210526,
      0.9457894736842105,
      0.9526315789473684,
      0.9594736842105263,
      0.9663157894736842,
      0.9731578947368421,
      0.98
    ],
    "roi_sensitivity": [
      37096.4342857143,
      39641.45347368422,
      42186.47266165412,
      44731.49184962407,
      47276.511037594006,
      49821.53022556391,
      52366.54941353381,
      54911.56860150379,
      57456.5877894737,
      60001.606977443604,
      62546.62616541351,
      65091.64535338342,
      67636.6645413534,
      70181.68372932331,
      72726.70291729321,
      75271.72210526318,
      77816.74129323309,
      80361.760481203,
      82906.77966917299,
      85451.79885714287
    ]
  }
}
